video name,label
binary_1_1_1.mp4,1
binary_1_1_2.mp4,1
binary_1_1_3.mp4,1
binary_1_1_4.mp4,1
binary_1_1_5.mp4,1
binary_1_1_6.mp4,1
binary_1_1_7.mp4,1
binary_1_1_8.mp4,1
binary_1_1_9.mp4,1
binary_1_1_10.mp4,1
binary_1_2_1.mp4,2
binary_1_2_2.mp4,2
binary_1_2_3.mp4,2
binary_1_2_4.mp4,2
binary_1_2_5.mp4,2
binary_1_2_6.mp4,2
binary_1_2_7.mp4,2
binary_1_2_8.mp4,2
binary_1_2_9.mp4,2
binary_1_2_10.mp4,2
binary_1_3_1.mp4,3
binary_1_3_2.mp4,3
binary_1_3_3.mp4,3
binary_1_3_4.mp4,3
binary_1_3_5.mp4,3
binary_1_3_6.mp4,3
binary_1_3_7.mp4,3
binary_1_3_8.mp4,3
binary_1_3_9.mp4,3
binary_1_3_10.mp4,3
binary_1_4_1.mp4,4
binary_1_4_2.mp4,4
binary_1_4_3.mp4,4
binary_1_4_4.mp4,4
binary_1_4_5.mp4,4
binary_1_4_6.mp4,4
binary_1_4_7.mp4,4
binary_1_4_8.mp4,4
binary_1_4_9.mp4,4
binary_1_4_10.mp4,4
binary_1_5_1.mp4,5
binary_1_5_2.mp4,5
binary_1_5_3.mp4,5
binary_1_5_4.mp4,5
binary_1_5_5.mp4,5
binary_1_5_6.mp4,5
binary_1_5_7.mp4,5
binary_1_5_8.mp4,5
binary_1_5_9.mp4,5
binary_1_5_10.mp4,5
binary_1_6_1.mp4,6
binary_1_6_2.mp4,6
binary_1_6_3.mp4,6
binary_1_6_4.mp4,6
binary_1_6_5.mp4,6
binary_1_6_6.mp4,6
binary_1_6_7.mp4,6
binary_1_6_8.mp4,6
binary_1_6_9.mp4,6
binary_1_6_10.mp4,6
binary_1_7_1.mp4,7
binary_1_7_2.mp4,7
binary_1_7_3.mp4,7
binary_1_7_4.mp4,7
binary_1_7_5.mp4,7
binary_1_7_6.mp4,7
binary_1_7_7.mp4,7
binary_1_7_8.mp4,7
binary_1_7_9.mp4,7
binary_1_7_10.mp4,7
binary_1_8_1.mp4,8
binary_1_8_2.mp4,8
binary_1_8_3.mp4,8
binary_1_8_4.mp4,8
binary_1_8_5.mp4,8
binary_1_8_6.mp4,8
binary_1_8_7.mp4,8
binary_1_8_8.mp4,8
binary_1_8_9.mp4,8
binary_1_8_10.mp4,8
binary_1_9_1.mp4,9
binary_1_9_2.mp4,9
binary_1_9_3.mp4,9
binary_1_9_4.mp4,9
binary_1_9_5.mp4,9
binary_1_9_6.mp4,9
binary_1_9_7.mp4,9
binary_1_9_8.mp4,9
binary_1_9_9.mp4,9
binary_1_9_10.mp4,9
binary_1_10_1.mp4,10
binary_1_10_2.mp4,10
binary_1_10_3.mp4,10
binary_1_10_4.mp4,10
binary_1_10_5.mp4,10
binary_1_10_6.mp4,10
binary_1_10_7.mp4,10
binary_1_10_8.mp4,10
binary_1_10_9.mp4,10
binary_1_10_10.mp4,10
binary_1_11_1.mp4,11
binary_1_11_2.mp4,11
binary_1_11_3.mp4,11
binary_1_11_4.mp4,11
binary_1_11_5.mp4,11
binary_1_11_6.mp4,11
binary_1_11_7.mp4,11
binary_1_11_8.mp4,11
binary_1_11_9.mp4,11
binary_1_11_10.mp4,11
binary_1_12_1.mp4,12
binary_1_12_2.mp4,12
binary_1_12_3.mp4,12
binary_1_12_4.mp4,12
binary_1_12_5.mp4,12
binary_1_12_6.mp4,12
binary_1_12_7.mp4,12
binary_1_12_8.mp4,12
binary_1_12_9.mp4,12
binary_1_12_10.mp4,12
binary_1_B1_1.mp4,B1
binary_1_B1_2.mp4,B1
binary_1_B1_3.mp4,B1
binary_1_B1_4.mp4,B1
binary_1_B1_5.mp4,B1
binary_1_B1_6.mp4,B1
binary_1_B1_7.mp4,B1
binary_1_B1_8.mp4,B1
binary_1_B1_9.mp4,B1
binary_1_B1_10.mp4,B1
binary_1_B2_1.mp4,B2
binary_1_B2_2.mp4,B2
binary_1_B2_3.mp4,B2
binary_1_B2_4.mp4,B2
binary_1_B2_5.mp4,B2
binary_1_B2_6.mp4,B2
binary_1_B2_7.mp4,B2
binary_1_B2_8.mp4,B2
binary_1_B2_9.mp4,B2
binary_1_B2_10.mp4,B2
binary_2_1_1.mp4,1
binary_2_1_2.mp4,1
binary_2_1_3.mp4,1
binary_2_1_4.mp4,1
binary_2_1_5.mp4,1
binary_2_1_6.mp4,1
binary_2_1_7.mp4,1
binary_2_1_8.mp4,1
binary_2_1_9.mp4,1
binary_2_1_10.mp4,1
binary_2_2_1.mp4,2
binary_2_2_2.mp4,2
binary_2_2_3.mp4,2
binary_2_2_4.mp4,2
binary_2_2_5.mp4,2
binary_2_2_6.mp4,2
binary_2_2_7.mp4,2
binary_2_2_8.mp4,2
binary_2_2_9.mp4,2
binary_2_2_10.mp4,2
binary_2_3_1.mp4,3
binary_2_3_2.mp4,3
binary_2_3_3.mp4,3
binary_2_3_4.mp4,3
binary_2_3_5.mp4,3
binary_2_3_6.mp4,3
binary_2_3_7.mp4,3
binary_2_3_8.mp4,3
binary_2_3_9.mp4,3
binary_2_3_10.mp4,3
binary_2_4_1.mp4,4
binary_2_4_2.mp4,4
binary_2_4_3.mp4,4
binary_2_4_4.mp4,4
binary_2_4_5.mp4,4
binary_2_4_6.mp4,4
binary_2_4_7.mp4,4
binary_2_4_8.mp4,4
binary_2_4_9.mp4,4
binary_2_4_10.mp4,4
binary_2_5_1.mp4,5
binary_2_5_2.mp4,5
binary_2_5_3.mp4,5
binary_2_5_4.mp4,5
binary_2_5_5.mp4,5
binary_2_5_6.mp4,5
binary_2_5_7.mp4,5
binary_2_5_8.mp4,5
binary_2_5_9.mp4,5
binary_2_5_10.mp4,5
binary_2_6_1.mp4,6
binary_2_6_2.mp4,6
binary_2_6_3.mp4,6
binary_2_6_4.mp4,6
binary_2_6_5.mp4,6
binary_2_6_6.mp4,6
binary_2_6_7.mp4,6
binary_2_6_8.mp4,6
binary_2_6_9.mp4,6
binary_2_6_10.mp4,6
binary_2_7_1.mp4,7
binary_2_7_2.mp4,7
binary_2_7_3.mp4,7
binary_2_7_4.mp4,7
binary_2_7_5.mp4,7
binary_2_7_6.mp4,7
binary_2_7_7.mp4,7
binary_2_7_8.mp4,7
binary_2_7_9.mp4,7
binary_2_7_10.mp4,7
binary_2_8_1.mp4,8
binary_2_8_2.mp4,8
binary_2_8_3.mp4,8
binary_2_8_4.mp4,8
binary_2_8_5.mp4,8
binary_2_8_6.mp4,8
binary_2_8_7.mp4,8
binary_2_8_8.mp4,8
binary_2_8_9.mp4,8
binary_2_8_10.mp4,8
binary_2_9_1.mp4,9
binary_2_9_2.mp4,9
binary_2_9_3.mp4,9
binary_2_9_4.mp4,9
binary_2_9_5.mp4,9
binary_2_9_6.mp4,9
binary_2_9_7.mp4,9
binary_2_9_8.mp4,9
binary_2_9_9.mp4,9
binary_2_9_10.mp4,9
binary_2_10_1.mp4,10
binary_2_10_2.mp4,10
binary_2_10_3.mp4,10
binary_2_10_4.mp4,10
binary_2_10_5.mp4,10
binary_2_10_6.mp4,10
binary_2_10_7.mp4,10
binary_2_10_8.mp4,10
binary_2_10_9.mp4,10
binary_2_10_10.mp4,10
binary_2_11_1.mp4,11
binary_2_11_2.mp4,11
binary_2_11_3.mp4,11
binary_2_11_4.mp4,11
binary_2_11_5.mp4,11
binary_2_11_6.mp4,11
binary_2_11_7.mp4,11
binary_2_11_8.mp4,11
binary_2_11_9.mp4,11
binary_2_11_10.mp4,11
binary_2_12_1.mp4,12
binary_2_12_2.mp4,12
binary_2_12_3.mp4,12
binary_2_12_4.mp4,12
binary_2_12_5.mp4,12
binary_2_12_6.mp4,12
binary_2_12_7.mp4,12
binary_2_12_8.mp4,12
binary_2_12_9.mp4,12
binary_2_12_10.mp4,12
binary_2_B1_1.mp4,B1
binary_2_B1_2.mp4,B1
binary_2_B1_3.mp4,B1
binary_2_B1_4.mp4,B1
binary_2_B1_5.mp4,B1
binary_2_B1_6.mp4,B1
binary_2_B1_7.mp4,B1
binary_2_B1_8.mp4,B1
binary_2_B1_9.mp4,B1
binary_2_B1_10.mp4,B1
binary_2_B2_1.mp4,B2
binary_2_B2_2.mp4,B2
binary_2_B2_3.mp4,B2
binary_2_B2_4.mp4,B2
binary_2_B2_5.mp4,B2
binary_2_B2_6.mp4,B2
binary_2_B2_7.mp4,B2
binary_2_B2_8.mp4,B2
binary_2_B2_9.mp4,B2
binary_2_B2_10.mp4,B2
binary_3_1_1.mp4,1
binary_3_1_2.mp4,1
binary_3_1_3.mp4,1
binary_3_1_4.mp4,1
binary_3_1_5.mp4,1
binary_3_1_6.mp4,1
binary_3_1_7.mp4,1
binary_3_1_8.mp4,1
binary_3_1_9.mp4,1
binary_3_1_10.mp4,1
binary_3_2_1.mp4,2
binary_3_2_2.mp4,2
binary_3_2_3.mp4,2
binary_3_2_4.mp4,2
binary_3_2_5.mp4,2
binary_3_2_6.mp4,2
binary_3_2_7.mp4,2
binary_3_2_8.mp4,2
binary_3_2_9.mp4,2
binary_3_2_10.mp4,2
binary_3_3_1.mp4,3
binary_3_3_2.mp4,3
binary_3_3_3.mp4,3
binary_3_3_4.mp4,3
binary_3_3_5.mp4,3
binary_3_3_6.mp4,3
binary_3_3_7.mp4,3
binary_3_3_8.mp4,3
binary_3_3_9.mp4,3
binary_3_3_10.mp4,3
binary_3_4_1.mp4,4
binary_3_4_2.mp4,4
binary_3_4_3.mp4,4
binary_3_4_4.mp4,4
binary_3_4_5.mp4,4
binary_3_4_6.mp4,4
binary_3_4_7.mp4,4
binary_3_4_8.mp4,4
binary_3_4_9.mp4,4
binary_3_4_10.mp4,4
binary_3_5_1.mp4,5
binary_3_5_2.mp4,5
binary_3_5_3.mp4,5
binary_3_5_4.mp4,5
binary_3_5_5.mp4,5
binary_3_5_6.mp4,5
binary_3_5_7.mp4,5
binary_3_5_8.mp4,5
binary_3_5_9.mp4,5
binary_3_5_10.mp4,5
binary_3_6_1.mp4,6
binary_3_6_2.mp4,6
binary_3_6_3.mp4,6
binary_3_6_4.mp4,6
binary_3_6_5.mp4,6
binary_3_6_6.mp4,6
binary_3_6_7.mp4,6
binary_3_6_8.mp4,6
binary_3_6_9.mp4,6
binary_3_6_10.mp4,6
binary_3_7_1.mp4,7
binary_3_7_2.mp4,7
binary_3_7_3.mp4,7
binary_3_7_4.mp4,7
binary_3_7_5.mp4,7
binary_3_7_6.mp4,7
binary_3_7_7.mp4,7
binary_3_7_8.mp4,7
binary_3_7_9.mp4,7
binary_3_7_10.mp4,7
binary_3_8_1.mp4,8
binary_3_8_2.mp4,8
binary_3_8_3.mp4,8
binary_3_8_4.mp4,8
binary_3_8_5.mp4,8
binary_3_8_6.mp4,8
binary_3_8_7.mp4,8
binary_3_8_8.mp4,8
binary_3_8_9.mp4,8
binary_3_8_10.mp4,8
binary_3_9_1.mp4,9
binary_3_9_2.mp4,9
binary_3_9_3.mp4,9
binary_3_9_4.mp4,9
binary_3_9_5.mp4,9
binary_3_9_6.mp4,9
binary_3_9_7.mp4,9
binary_3_9_8.mp4,9
binary_3_9_9.mp4,9
binary_3_9_10.mp4,9
binary_3_10_1.mp4,10
binary_3_10_2.mp4,10
binary_3_10_3.mp4,10
binary_3_10_4.mp4,10
binary_3_10_5.mp4,10
binary_3_10_6.mp4,10
binary_3_10_7.mp4,10
binary_3_10_8.mp4,10
binary_3_10_9.mp4,10
binary_3_10_10.mp4,10
binary_3_11_1.mp4,11
binary_3_11_2.mp4,11
binary_3_11_3.mp4,11
binary_3_11_4.mp4,11
binary_3_11_5.mp4,11
binary_3_11_6.mp4,11
binary_3_11_7.mp4,11
binary_3_11_8.mp4,11
binary_3_11_9.mp4,11
binary_3_11_10.mp4,11
binary_3_12_1.mp4,12
binary_3_12_2.mp4,12
binary_3_12_3.mp4,12
binary_3_12_4.mp4,12
binary_3_12_5.mp4,12
binary_3_12_6.mp4,12
binary_3_12_7.mp4,12
binary_3_12_8.mp4,12
binary_3_12_9.mp4,12
binary_3_12_10.mp4,12
binary_3_B1_1.mp4,B1
binary_3_B1_2.mp4,B1
binary_3_B1_3.mp4,B1
binary_3_B1_4.mp4,B1
binary_3_B1_5.mp4,B1
binary_3_B1_6.mp4,B1
binary_3_B1_7.mp4,B1
binary_3_B1_8.mp4,B1
binary_3_B1_9.mp4,B1
binary_3_B1_10.mp4,B1
binary_3_B2_1.mp4,B2
binary_3_B2_2.mp4,B2
binary_3_B2_3.mp4,B2
binary_3_B2_4.mp4,B2
binary_3_B2_5.mp4,B2
binary_3_B2_6.mp4,B2
binary_3_B2_7.mp4,B2
binary_3_B2_8.mp4,B2
binary_3_B2_9.mp4,B2
binary_3_B2_10.mp4,B2
binary_4_1_1.mp4,1
binary_4_1_2.mp4,1
binary_4_1_3.mp4,1
binary_4_1_4.mp4,1
binary_4_1_5.mp4,1
binary_4_1_6.mp4,1
binary_4_1_7.mp4,1
binary_4_1_8.mp4,1
binary_4_1_9.mp4,1
binary_4_1_10.mp4,1
binary_4_2_1.mp4,2
binary_4_2_2.mp4,2
binary_4_2_3.mp4,2
binary_4_2_4.mp4,2
binary_4_2_5.mp4,2
binary_4_2_6.mp4,2
binary_4_2_7.mp4,2
binary_4_2_8.mp4,2
binary_4_2_9.mp4,2
binary_4_2_10.mp4,2
binary_4_3_1.mp4,3
binary_4_3_2.mp4,3
binary_4_3_3.mp4,3
binary_4_3_4.mp4,3
binary_4_3_5.mp4,3
binary_4_3_6.mp4,3
binary_4_3_7.mp4,3
binary_4_3_8.mp4,3
binary_4_3_9.mp4,3
binary_4_3_10.mp4,3
binary_4_4_1.mp4,4
binary_4_4_2.mp4,4
binary_4_4_3.mp4,4
binary_4_4_4.mp4,4
binary_4_4_5.mp4,4
binary_4_4_6.mp4,4
binary_4_4_7.mp4,4
binary_4_4_8.mp4,4
binary_4_4_9.mp4,4
binary_4_4_10.mp4,4
binary_4_5_1.mp4,5
binary_4_5_2.mp4,5
binary_4_5_3.mp4,5
binary_4_5_4.mp4,5
binary_4_5_5.mp4,5
binary_4_5_6.mp4,5
binary_4_5_7.mp4,5
binary_4_5_8.mp4,5
binary_4_5_9.mp4,5
binary_4_5_10.mp4,5
binary_4_6_1.mp4,6
binary_4_6_2.mp4,6
binary_4_6_3.mp4,6
binary_4_6_4.mp4,6
binary_4_6_5.mp4,6
binary_4_6_6.mp4,6
binary_4_6_7.mp4,6
binary_4_6_8.mp4,6
binary_4_6_9.mp4,6
binary_4_6_10.mp4,6
binary_4_7_1.mp4,7
binary_4_7_2.mp4,7
binary_4_7_3.mp4,7
binary_4_7_4.mp4,7
binary_4_7_5.mp4,7
binary_4_7_6.mp4,7
binary_4_7_7.mp4,7
binary_4_7_8.mp4,7
binary_4_7_9.mp4,7
binary_4_7_10.mp4,7
binary_4_8_1.mp4,8
binary_4_8_2.mp4,8
binary_4_8_3.mp4,8
binary_4_8_4.mp4,8
binary_4_8_5.mp4,8
binary_4_8_6.mp4,8
binary_4_8_7.mp4,8
binary_4_8_8.mp4,8
binary_4_8_9.mp4,8
binary_4_8_10.mp4,8
binary_4_9_1.mp4,9
binary_4_9_2.mp4,9
binary_4_9_3.mp4,9
binary_4_9_4.mp4,9
binary_4_9_5.mp4,9
binary_4_9_6.mp4,9
binary_4_9_7.mp4,9
binary_4_9_8.mp4,9
binary_4_9_9.mp4,9
binary_4_9_10.mp4,9
binary_4_10_1.mp4,10
binary_4_10_2.mp4,10
binary_4_10_3.mp4,10
binary_4_10_4.mp4,10
binary_4_10_5.mp4,10
binary_4_10_6.mp4,10
binary_4_10_7.mp4,10
binary_4_10_8.mp4,10
binary_4_10_9.mp4,10
binary_4_10_10.mp4,10
binary_4_11_1.mp4,11
binary_4_11_2.mp4,11
binary_4_11_3.mp4,11
binary_4_11_4.mp4,11
binary_4_11_5.mp4,11
binary_4_11_6.mp4,11
binary_4_11_7.mp4,11
binary_4_11_8.mp4,11
binary_4_11_9.mp4,11
binary_4_11_10.mp4,11
binary_4_12_1.mp4,12
binary_4_12_2.mp4,12
binary_4_12_3.mp4,12
binary_4_12_4.mp4,12
binary_4_12_5.mp4,12
binary_4_12_6.mp4,12
binary_4_12_7.mp4,12
binary_4_12_8.mp4,12
binary_4_12_9.mp4,12
binary_4_12_10.mp4,12
binary_4_B1_1.mp4,B1
binary_4_B1_2.mp4,B1
binary_4_B1_3.mp4,B1
binary_4_B1_4.mp4,B1
binary_4_B1_5.mp4,B1
binary_4_B1_6.mp4,B1
binary_4_B1_7.mp4,B1
binary_4_B1_8.mp4,B1
binary_4_B1_9.mp4,B1
binary_4_B1_10.mp4,B1
binary_4_B2_1.mp4,B2
binary_4_B2_2.mp4,B2
binary_4_B2_3.mp4,B2
binary_4_B2_4.mp4,B2
binary_4_B2_5.mp4,B2
binary_4_B2_6.mp4,B2
binary_4_B2_7.mp4,B2
binary_4_B2_8.mp4,B2
binary_4_B2_9.mp4,B2
binary_4_B2_10.mp4,B2
binary_5_1_1.mp4,1
binary_5_1_2.mp4,1
binary_5_1_3.mp4,1
binary_5_1_4.mp4,1
binary_5_1_5.mp4,1
binary_5_1_6.mp4,1
binary_5_1_7.mp4,1
binary_5_1_8.mp4,1
binary_5_1_9.mp4,1
binary_5_1_10.mp4,1
binary_5_2_1.mp4,2
binary_5_2_2.mp4,2
binary_5_2_3.mp4,2
binary_5_2_4.mp4,2
binary_5_2_5.mp4,2
binary_5_2_6.mp4,2
binary_5_2_7.mp4,2
binary_5_2_8.mp4,2
binary_5_2_9.mp4,2
binary_5_2_10.mp4,2
binary_5_3_1.mp4,3
binary_5_3_2.mp4,3
binary_5_3_3.mp4,3
binary_5_3_4.mp4,3
binary_5_3_5.mp4,3
binary_5_3_6.mp4,3
binary_5_3_7.mp4,3
binary_5_3_8.mp4,3
binary_5_3_9.mp4,3
binary_5_3_10.mp4,3
binary_5_4_1.mp4,4
binary_5_4_2.mp4,4
binary_5_4_3.mp4,4
binary_5_4_4.mp4,4
binary_5_4_5.mp4,4
binary_5_4_6.mp4,4
binary_5_4_7.mp4,4
binary_5_4_8.mp4,4
binary_5_4_9.mp4,4
binary_5_4_10.mp4,4
binary_5_5_1.mp4,5
binary_5_5_2.mp4,5
binary_5_5_3.mp4,5
binary_5_5_4.mp4,5
binary_5_5_5.mp4,5
binary_5_5_6.mp4,5
binary_5_5_7.mp4,5
binary_5_5_8.mp4,5
binary_5_5_9.mp4,5
binary_5_5_10.mp4,5
binary_5_6_1.mp4,6
binary_5_6_2.mp4,6
binary_5_6_3.mp4,6
binary_5_6_4.mp4,6
binary_5_6_5.mp4,6
binary_5_6_6.mp4,6
binary_5_6_7.mp4,6
binary_5_6_8.mp4,6
binary_5_6_9.mp4,6
binary_5_6_10.mp4,6
binary_5_7_1.mp4,7
binary_5_7_2.mp4,7
binary_5_7_3.mp4,7
binary_5_7_4.mp4,7
binary_5_7_5.mp4,7
binary_5_7_6.mp4,7
binary_5_7_7.mp4,7
binary_5_7_8.mp4,7
binary_5_7_9.mp4,7
binary_5_7_10.mp4,7
binary_5_8_1.mp4,8
binary_5_8_2.mp4,8
binary_5_8_3.mp4,8
binary_5_8_4.mp4,8
binary_5_8_5.mp4,8
binary_5_8_6.mp4,8
binary_5_8_7.mp4,8
binary_5_8_8.mp4,8
binary_5_8_9.mp4,8
binary_5_8_10.mp4,8
binary_5_9_1.mp4,9
binary_5_9_2.mp4,9
binary_5_9_3.mp4,9
binary_5_9_4.mp4,9
binary_5_9_5.mp4,9
binary_5_9_6.mp4,9
binary_5_9_7.mp4,9
binary_5_9_8.mp4,9
binary_5_9_9.mp4,9
binary_5_9_10.mp4,9
binary_5_10_1.mp4,10
binary_5_10_2.mp4,10
binary_5_10_3.mp4,10
binary_5_10_4.mp4,10
binary_5_10_5.mp4,10
binary_5_10_6.mp4,10
binary_5_10_7.mp4,10
binary_5_10_8.mp4,10
binary_5_10_9.mp4,10
binary_5_10_10.mp4,10
binary_5_11_1.mp4,11
binary_5_11_2.mp4,11
binary_5_11_3.mp4,11
binary_5_11_4.mp4,11
binary_5_11_5.mp4,11
binary_5_11_6.mp4,11
binary_5_11_7.mp4,11
binary_5_11_8.mp4,11
binary_5_11_9.mp4,11
binary_5_11_10.mp4,11
binary_5_12_1.mp4,12
binary_5_12_2.mp4,12
binary_5_12_3.mp4,12
binary_5_12_4.mp4,12
binary_5_12_5.mp4,12
binary_5_12_6.mp4,12
binary_5_12_7.mp4,12
binary_5_12_8.mp4,12
binary_5_12_9.mp4,12
binary_5_12_10.mp4,12
binary_5_B1_1.mp4,B1
binary_5_B1_2.mp4,B1
binary_5_B1_3.mp4,B1
binary_5_B1_4.mp4,B1
binary_5_B1_5.mp4,B1
binary_5_B1_6.mp4,B1
binary_5_B1_7.mp4,B1
binary_5_B1_8.mp4,B1
binary_5_B1_9.mp4,B1
binary_5_B1_10.mp4,B1
binary_5_B2_1.mp4,B2
binary_5_B2_2.mp4,B2
binary_5_B2_3.mp4,B2
binary_5_B2_4.mp4,B2
binary_5_B2_5.mp4,B2
binary_5_B2_6.mp4,B2
binary_5_B2_7.mp4,B2
binary_5_B2_8.mp4,B2
binary_5_B2_9.mp4,B2
binary_5_B2_10.mp4,B2
binary_6_1_1.mp4,1
binary_6_1_2.mp4,1
binary_6_1_3.mp4,1
binary_6_1_4.mp4,1
binary_6_1_5.mp4,1
binary_6_1_6.mp4,1
binary_6_1_7.mp4,1
binary_6_1_8.mp4,1
binary_6_1_9.mp4,1
binary_6_1_10.mp4,1
binary_6_2_1.mp4,2
binary_6_2_2.mp4,2
binary_6_2_3.mp4,2
binary_6_2_4.mp4,2
binary_6_2_5.mp4,2
binary_6_2_6.mp4,2
binary_6_2_7.mp4,2
binary_6_2_8.mp4,2
binary_6_2_9.mp4,2
binary_6_2_10.mp4,2
binary_6_3_1.mp4,3
binary_6_3_2.mp4,3
binary_6_3_3.mp4,3
binary_6_3_4.mp4,3
binary_6_3_5.mp4,3
binary_6_3_6.mp4,3
binary_6_3_7.mp4,3
binary_6_3_8.mp4,3
binary_6_3_9.mp4,3
binary_6_3_10.mp4,3
binary_6_4_1.mp4,4
binary_6_4_2.mp4,4
binary_6_4_3.mp4,4
binary_6_4_4.mp4,4
binary_6_4_5.mp4,4
binary_6_4_6.mp4,4
binary_6_4_7.mp4,4
binary_6_4_8.mp4,4
binary_6_4_9.mp4,4
binary_6_4_10.mp4,4
binary_6_5_1.mp4,5
binary_6_5_2.mp4,5
binary_6_5_3.mp4,5
binary_6_5_4.mp4,5
binary_6_5_5.mp4,5
binary_6_5_6.mp4,5
binary_6_5_7.mp4,5
binary_6_5_8.mp4,5
binary_6_5_9.mp4,5
binary_6_5_10.mp4,5
binary_6_6_1.mp4,6
binary_6_6_2.mp4,6
binary_6_6_3.mp4,6
binary_6_6_4.mp4,6
binary_6_6_5.mp4,6
binary_6_6_6.mp4,6
binary_6_6_7.mp4,6
binary_6_6_8.mp4,6
binary_6_6_9.mp4,6
binary_6_6_10.mp4,6
binary_6_7_1.mp4,7
binary_6_7_2.mp4,7
binary_6_7_3.mp4,7
binary_6_7_4.mp4,7
binary_6_7_5.mp4,7
binary_6_7_6.mp4,7
binary_6_7_7.mp4,7
binary_6_7_8.mp4,7
binary_6_7_9.mp4,7
binary_6_7_10.mp4,7
binary_6_8_1.mp4,8
binary_6_8_2.mp4,8
binary_6_8_3.mp4,8
binary_6_8_4.mp4,8
binary_6_8_5.mp4,8
binary_6_8_6.mp4,8
binary_6_8_7.mp4,8
binary_6_8_8.mp4,8
binary_6_8_9.mp4,8
binary_6_8_10.mp4,8
binary_6_9_1.mp4,9
binary_6_9_2.mp4,9
binary_6_9_3.mp4,9
binary_6_9_4.mp4,9
binary_6_9_5.mp4,9
binary_6_9_6.mp4,9
binary_6_9_7.mp4,9
binary_6_9_8.mp4,9
binary_6_9_9.mp4,9
binary_6_9_10.mp4,9
binary_6_10_1.mp4,10
binary_6_10_2.mp4,10
binary_6_10_3.mp4,10
binary_6_10_4.mp4,10
binary_6_10_5.mp4,10
binary_6_10_6.mp4,10
binary_6_10_7.mp4,10
binary_6_10_8.mp4,10
binary_6_10_9.mp4,10
binary_6_10_10.mp4,10
binary_6_11_1.mp4,11
binary_6_11_2.mp4,11
binary_6_11_3.mp4,11
binary_6_11_4.mp4,11
binary_6_11_5.mp4,11
binary_6_11_6.mp4,11
binary_6_11_7.mp4,11
binary_6_11_8.mp4,11
binary_6_11_9.mp4,11
binary_6_11_10.mp4,11
binary_6_12_1.mp4,12
binary_6_12_2.mp4,12
binary_6_12_3.mp4,12
binary_6_12_4.mp4,12
binary_6_12_5.mp4,12
binary_6_12_6.mp4,12
binary_6_12_7.mp4,12
binary_6_12_8.mp4,12
binary_6_12_9.mp4,12
binary_6_12_10.mp4,12
binary_6_B1_1.mp4,B1
binary_6_B1_2.mp4,B1
binary_6_B1_3.mp4,B1
binary_6_B1_4.mp4,B1
binary_6_B1_5.mp4,B1
binary_6_B1_6.mp4,B1
binary_6_B1_7.mp4,B1
binary_6_B1_8.mp4,B1
binary_6_B1_9.mp4,B1
binary_6_B1_10.mp4,B1
binary_6_B2_1.mp4,B2
binary_6_B2_2.mp4,B2
binary_6_B2_3.mp4,B2
binary_6_B2_4.mp4,B2
binary_6_B2_5.mp4,B2
binary_6_B2_6.mp4,B2
binary_6_B2_7.mp4,B2
binary_6_B2_8.mp4,B2
binary_6_B2_9.mp4,B2
binary_6_B2_10.mp4,B2
binary_7_1_1.mp4,1
binary_7_1_2.mp4,1
binary_7_1_3.mp4,1
binary_7_1_4.mp4,1
binary_7_1_5.mp4,1
binary_7_1_6.mp4,1
binary_7_1_7.mp4,1
binary_7_1_8.mp4,1
binary_7_1_9.mp4,1
binary_7_1_10.mp4,1
binary_7_2_1.mp4,2
binary_7_2_2.mp4,2
binary_7_2_3.mp4,2
binary_7_2_4.mp4,2
binary_7_2_5.mp4,2
binary_7_2_6.mp4,2
binary_7_2_7.mp4,2
binary_7_2_8.mp4,2
binary_7_2_9.mp4,2
binary_7_2_10.mp4,2
binary_7_3_1.mp4,3
binary_7_3_2.mp4,3
binary_7_3_3.mp4,3
binary_7_3_4.mp4,3
binary_7_3_5.mp4,3
binary_7_3_6.mp4,3
binary_7_3_7.mp4,3
binary_7_3_8.mp4,3
binary_7_3_9.mp4,3
binary_7_3_10.mp4,3
binary_7_4_1.mp4,4
binary_7_4_2.mp4,4
binary_7_4_3.mp4,4
binary_7_4_4.mp4,4
binary_7_4_5.mp4,4
binary_7_4_6.mp4,4
binary_7_4_7.mp4,4
binary_7_4_8.mp4,4
binary_7_4_9.mp4,4
binary_7_4_10.mp4,4
binary_7_5_1.mp4,5
binary_7_5_2.mp4,5
binary_7_5_3.mp4,5
binary_7_5_4.mp4,5
binary_7_5_5.mp4,5
binary_7_5_6.mp4,5
binary_7_5_7.mp4,5
binary_7_5_8.mp4,5
binary_7_5_9.mp4,5
binary_7_5_10.mp4,5
binary_7_6_1.mp4,6
binary_7_6_2.mp4,6
binary_7_6_3.mp4,6
binary_7_6_4.mp4,6
binary_7_6_5.mp4,6
binary_7_6_6.mp4,6
binary_7_6_7.mp4,6
binary_7_6_8.mp4,6
binary_7_6_9.mp4,6
binary_7_6_10.mp4,6
binary_7_7_1.mp4,7
binary_7_7_2.mp4,7
binary_7_7_3.mp4,7
binary_7_7_4.mp4,7
binary_7_7_5.mp4,7
binary_7_7_6.mp4,7
binary_7_7_7.mp4,7
binary_7_7_8.mp4,7
binary_7_7_9.mp4,7
binary_7_7_10.mp4,7
binary_7_8_1.mp4,8
binary_7_8_2.mp4,8
binary_7_8_3.mp4,8
binary_7_8_4.mp4,8
binary_7_8_5.mp4,8
binary_7_8_6.mp4,8
binary_7_8_7.mp4,8
binary_7_8_8.mp4,8
binary_7_8_9.mp4,8
binary_7_8_10.mp4,8
binary_7_9_1.mp4,9
binary_7_9_2.mp4,9
binary_7_9_3.mp4,9
binary_7_9_4.mp4,9
binary_7_9_5.mp4,9
binary_7_9_6.mp4,9
binary_7_9_7.mp4,9
binary_7_9_8.mp4,9
binary_7_9_9.mp4,9
binary_7_9_10.mp4,9
binary_7_10_1.mp4,10
binary_7_10_2.mp4,10
binary_7_10_3.mp4,10
binary_7_10_4.mp4,10
binary_7_10_5.mp4,10
binary_7_10_6.mp4,10
binary_7_10_7.mp4,10
binary_7_10_8.mp4,10
binary_7_10_9.mp4,10
binary_7_10_10.mp4,10
binary_7_11_1.mp4,11
binary_7_11_2.mp4,11
binary_7_11_3.mp4,11
binary_7_11_4.mp4,11
binary_7_11_5.mp4,11
binary_7_11_6.mp4,11
binary_7_11_7.mp4,11
binary_7_11_8.mp4,11
binary_7_11_9.mp4,11
binary_7_11_10.mp4,11
binary_7_12_1.mp4,12
binary_7_12_2.mp4,12
binary_7_12_3.mp4,12
binary_7_12_4.mp4,12
binary_7_12_5.mp4,12
binary_7_12_6.mp4,12
binary_7_12_7.mp4,12
binary_7_12_8.mp4,12
binary_7_12_9.mp4,12
binary_7_12_10.mp4,12
binary_7_B1_1.mp4,B1
binary_7_B1_2.mp4,B1
binary_7_B1_3.mp4,B1
binary_7_B1_4.mp4,B1
binary_7_B1_5.mp4,B1
binary_7_B1_6.mp4,B1
binary_7_B1_7.mp4,B1
binary_7_B1_8.mp4,B1
binary_7_B1_9.mp4,B1
binary_7_B1_10.mp4,B1
binary_7_B2_1.mp4,B2
binary_7_B2_2.mp4,B2
binary_7_B2_3.mp4,B2
binary_7_B2_4.mp4,B2
binary_7_B2_5.mp4,B2
binary_7_B2_6.mp4,B2
binary_7_B2_7.mp4,B2
binary_7_B2_8.mp4,B2
binary_7_B2_9.mp4,B2
binary_7_B2_10.mp4,B2
binary_8_1_1.mp4,1
binary_8_1_2.mp4,1
binary_8_1_3.mp4,1
binary_8_1_4.mp4,1
binary_8_1_5.mp4,1
binary_8_1_6.mp4,1
binary_8_1_7.mp4,1
binary_8_1_8.mp4,1
binary_8_1_9.mp4,1
binary_8_1_10.mp4,1
binary_8_2_1.mp4,2
binary_8_2_2.mp4,2
binary_8_2_3.mp4,2
binary_8_2_4.mp4,2
binary_8_2_5.mp4,2
binary_8_2_6.mp4,2
binary_8_2_7.mp4,2
binary_8_2_8.mp4,2
binary_8_2_9.mp4,2
binary_8_2_10.mp4,2
binary_8_3_1.mp4,3
binary_8_3_2.mp4,3
binary_8_3_3.mp4,3
binary_8_3_4.mp4,3
binary_8_3_5.mp4,3
binary_8_3_6.mp4,3
binary_8_3_7.mp4,3
binary_8_3_8.mp4,3
binary_8_3_9.mp4,3
binary_8_3_10.mp4,3
binary_8_4_1.mp4,4
binary_8_4_2.mp4,4
binary_8_4_3.mp4,4
binary_8_4_4.mp4,4
binary_8_4_5.mp4,4
binary_8_4_6.mp4,4
binary_8_4_7.mp4,4
binary_8_4_8.mp4,4
binary_8_4_9.mp4,4
binary_8_4_10.mp4,4
binary_8_5_1.mp4,5
binary_8_5_2.mp4,5
binary_8_5_3.mp4,5
binary_8_5_4.mp4,5
binary_8_5_5.mp4,5
binary_8_5_6.mp4,5
binary_8_5_7.mp4,5
binary_8_5_8.mp4,5
binary_8_5_9.mp4,5
binary_8_5_10.mp4,5
binary_8_6_1.mp4,6
binary_8_6_2.mp4,6
binary_8_6_3.mp4,6
binary_8_6_4.mp4,6
binary_8_6_5.mp4,6
binary_8_6_6.mp4,6
binary_8_6_7.mp4,6
binary_8_6_8.mp4,6
binary_8_6_9.mp4,6
binary_8_6_10.mp4,6
binary_8_7_1.mp4,7
binary_8_7_2.mp4,7
binary_8_7_3.mp4,7
binary_8_7_4.mp4,7
binary_8_7_5.mp4,7
binary_8_7_6.mp4,7
binary_8_7_7.mp4,7
binary_8_7_8.mp4,7
binary_8_7_9.mp4,7
binary_8_7_10.mp4,7
binary_8_8_1.mp4,8
binary_8_8_2.mp4,8
binary_8_8_3.mp4,8
binary_8_8_4.mp4,8
binary_8_8_5.mp4,8
binary_8_8_6.mp4,8
binary_8_8_7.mp4,8
binary_8_8_8.mp4,8
binary_8_8_9.mp4,8
binary_8_8_10.mp4,8
binary_8_9_1.mp4,9
binary_8_9_2.mp4,9
binary_8_9_3.mp4,9
binary_8_9_4.mp4,9
binary_8_9_5.mp4,9
binary_8_9_6.mp4,9
binary_8_9_7.mp4,9
binary_8_9_8.mp4,9
binary_8_9_9.mp4,9
binary_8_9_10.mp4,9
binary_8_10_1.mp4,10
binary_8_10_2.mp4,10
binary_8_10_3.mp4,10
binary_8_10_4.mp4,10
binary_8_10_5.mp4,10
binary_8_10_6.mp4,10
binary_8_10_7.mp4,10
binary_8_10_8.mp4,10
binary_8_10_9.mp4,10
binary_8_10_10.mp4,10
binary_8_11_1.mp4,11
binary_8_11_2.mp4,11
binary_8_11_3.mp4,11
binary_8_11_4.mp4,11
binary_8_11_5.mp4,11
binary_8_11_6.mp4,11
binary_8_11_7.mp4,11
binary_8_11_8.mp4,11
binary_8_11_9.mp4,11
binary_8_11_10.mp4,11
binary_8_12_1.mp4,12
binary_8_12_2.mp4,12
binary_8_12_3.mp4,12
binary_8_12_4.mp4,12
binary_8_12_5.mp4,12
binary_8_12_6.mp4,12
binary_8_12_7.mp4,12
binary_8_12_8.mp4,12
binary_8_12_9.mp4,12
binary_8_12_10.mp4,12
binary_8_B1_1.mp4,B1
binary_8_B1_2.mp4,B1
binary_8_B1_3.mp4,B1
binary_8_B1_4.mp4,B1
binary_8_B1_5.mp4,B1
binary_8_B1_6.mp4,B1
binary_8_B1_7.mp4,B1
binary_8_B1_8.mp4,B1
binary_8_B1_9.mp4,B1
binary_8_B1_10.mp4,B1
binary_8_B2_1.mp4,B2
binary_8_B2_2.mp4,B2
binary_8_B2_3.mp4,B2
binary_8_B2_4.mp4,B2
binary_8_B2_5.mp4,B2
binary_8_B2_6.mp4,B2
binary_8_B2_7.mp4,B2
binary_8_B2_8.mp4,B2
binary_8_B2_9.mp4,B2
binary_8_B2_10.mp4,B2
binary_9_1_1.mp4,1
binary_9_1_2.mp4,1
binary_9_1_3.mp4,1
binary_9_1_4.mp4,1
binary_9_1_5.mp4,1
binary_9_1_6.mp4,1
binary_9_1_7.mp4,1
binary_9_1_8.mp4,1
binary_9_1_9.mp4,1
binary_9_1_10.mp4,1
binary_9_2_1.mp4,2
binary_9_2_2.mp4,2
binary_9_2_3.mp4,2
binary_9_2_4.mp4,2
binary_9_2_5.mp4,2
binary_9_2_6.mp4,2
binary_9_2_7.mp4,2
binary_9_2_8.mp4,2
binary_9_2_9.mp4,2
binary_9_2_10.mp4,2
binary_9_3_1.mp4,3
binary_9_3_2.mp4,3
binary_9_3_3.mp4,3
binary_9_3_4.mp4,3
binary_9_3_5.mp4,3
binary_9_3_6.mp4,3
binary_9_3_7.mp4,3
binary_9_3_8.mp4,3
binary_9_3_9.mp4,3
binary_9_3_10.mp4,3
binary_9_4_1.mp4,4
binary_9_4_2.mp4,4
binary_9_4_3.mp4,4
binary_9_4_4.mp4,4
binary_9_4_5.mp4,4
binary_9_4_6.mp4,4
binary_9_4_7.mp4,4
binary_9_4_8.mp4,4
binary_9_4_9.mp4,4
binary_9_4_10.mp4,4
binary_9_5_1.mp4,5
binary_9_5_2.mp4,5
binary_9_5_3.mp4,5
binary_9_5_4.mp4,5
binary_9_5_5.mp4,5
binary_9_5_6.mp4,5
binary_9_5_7.mp4,5
binary_9_5_8.mp4,5
binary_9_5_9.mp4,5
binary_9_5_10.mp4,5
binary_9_6_1.mp4,6
binary_9_6_2.mp4,6
binary_9_6_3.mp4,6
binary_9_6_4.mp4,6
binary_9_6_5.mp4,6
binary_9_6_6.mp4,6
binary_9_6_7.mp4,6
binary_9_6_8.mp4,6
binary_9_6_9.mp4,6
binary_9_6_10.mp4,6
binary_9_7_1.mp4,7
binary_9_7_2.mp4,7
binary_9_7_3.mp4,7
binary_9_7_4.mp4,7
binary_9_7_5.mp4,7
binary_9_7_6.mp4,7
binary_9_7_7.mp4,7
binary_9_7_8.mp4,7
binary_9_7_9.mp4,7
binary_9_7_10.mp4,7
binary_9_8_1.mp4,8
binary_9_8_2.mp4,8
binary_9_8_3.mp4,8
binary_9_8_4.mp4,8
binary_9_8_5.mp4,8
binary_9_8_6.mp4,8
binary_9_8_7.mp4,8
binary_9_8_8.mp4,8
binary_9_8_9.mp4,8
binary_9_8_10.mp4,8
binary_9_9_1.mp4,9
binary_9_9_2.mp4,9
binary_9_9_3.mp4,9
binary_9_9_4.mp4,9
binary_9_9_5.mp4,9
binary_9_9_6.mp4,9
binary_9_9_7.mp4,9
binary_9_9_8.mp4,9
binary_9_9_9.mp4,9
binary_9_9_10.mp4,9
binary_9_10_1.mp4,10
binary_9_10_2.mp4,10
binary_9_10_3.mp4,10
binary_9_10_4.mp4,10
binary_9_10_5.mp4,10
binary_9_10_6.mp4,10
binary_9_10_7.mp4,10
binary_9_10_8.mp4,10
binary_9_10_9.mp4,10
binary_9_10_10.mp4,10
binary_9_11_1.mp4,11
binary_9_11_2.mp4,11
binary_9_11_3.mp4,11
binary_9_11_4.mp4,11
binary_9_11_5.mp4,11
binary_9_11_6.mp4,11
binary_9_11_7.mp4,11
binary_9_11_8.mp4,11
binary_9_11_9.mp4,11
binary_9_11_10.mp4,11
binary_9_12_1.mp4,12
binary_9_12_2.mp4,12
binary_9_12_3.mp4,12
binary_9_12_4.mp4,12
binary_9_12_5.mp4,12
binary_9_12_6.mp4,12
binary_9_12_7.mp4,12
binary_9_12_8.mp4,12
binary_9_12_9.mp4,12
binary_9_12_10.mp4,12
binary_9_B1_1.mp4,B1
binary_9_B1_2.mp4,B1
binary_9_B1_3.mp4,B1
binary_9_B1_4.mp4,B1
binary_9_B1_5.mp4,B1
binary_9_B1_6.mp4,B1
binary_9_B1_7.mp4,B1
binary_9_B1_8.mp4,B1
binary_9_B1_9.mp4,B1
binary_9_B1_10.mp4,B1
binary_9_B2_1.mp4,B2
binary_9_B2_2.mp4,B2
binary_9_B2_3.mp4,B2
binary_9_B2_4.mp4,B2
binary_9_B2_5.mp4,B2
binary_9_B2_6.mp4,B2
binary_9_B2_7.mp4,B2
binary_9_B2_8.mp4,B2
binary_9_B2_9.mp4,B2
binary_9_B2_10.mp4,B2
binary_10_1_1.mp4,1
binary_10_1_2.mp4,1
binary_10_1_3.mp4,1
binary_10_1_4.mp4,1
binary_10_1_5.mp4,1
binary_10_1_6.mp4,1
binary_10_1_7.mp4,1
binary_10_1_8.mp4,1
binary_10_1_9.mp4,1
binary_10_1_10.mp4,1
binary_10_2_1.mp4,2
binary_10_2_2.mp4,2
binary_10_2_3.mp4,2
binary_10_2_4.mp4,2
binary_10_2_5.mp4,2
binary_10_2_6.mp4,2
binary_10_2_7.mp4,2
binary_10_2_8.mp4,2
binary_10_2_9.mp4,2
binary_10_2_10.mp4,2
binary_10_3_1.mp4,3
binary_10_3_2.mp4,3
binary_10_3_3.mp4,3
binary_10_3_4.mp4,3
binary_10_3_5.mp4,3
binary_10_3_6.mp4,3
binary_10_3_7.mp4,3
binary_10_3_8.mp4,3
binary_10_3_9.mp4,3
binary_10_3_10.mp4,3
binary_10_4_1.mp4,4
binary_10_4_2.mp4,4
binary_10_4_3.mp4,4
binary_10_4_4.mp4,4
binary_10_4_5.mp4,4
binary_10_4_6.mp4,4
binary_10_4_7.mp4,4
binary_10_4_8.mp4,4
binary_10_4_9.mp4,4
binary_10_4_10.mp4,4
binary_10_5_1.mp4,5
binary_10_5_2.mp4,5
binary_10_5_3.mp4,5
binary_10_5_4.mp4,5
binary_10_5_5.mp4,5
binary_10_5_6.mp4,5
binary_10_5_7.mp4,5
binary_10_5_8.mp4,5
binary_10_5_9.mp4,5
binary_10_5_10.mp4,5
binary_10_6_1.mp4,6
binary_10_6_2.mp4,6
binary_10_6_3.mp4,6
binary_10_6_4.mp4,6
binary_10_6_5.mp4,6
binary_10_6_6.mp4,6
binary_10_6_7.mp4,6
binary_10_6_8.mp4,6
binary_10_6_9.mp4,6
binary_10_6_10.mp4,6
binary_10_7_1.mp4,7
binary_10_7_2.mp4,7
binary_10_7_3.mp4,7
binary_10_7_4.mp4,7
binary_10_7_5.mp4,7
binary_10_7_6.mp4,7
binary_10_7_7.mp4,7
binary_10_7_8.mp4,7
binary_10_7_9.mp4,7
binary_10_7_10.mp4,7
binary_10_8_1.mp4,8
binary_10_8_2.mp4,8
binary_10_8_3.mp4,8
binary_10_8_4.mp4,8
binary_10_8_5.mp4,8
binary_10_8_6.mp4,8
binary_10_8_7.mp4,8
binary_10_8_8.mp4,8
binary_10_8_9.mp4,8
binary_10_8_10.mp4,8
binary_10_9_1.mp4,9
binary_10_9_2.mp4,9
binary_10_9_3.mp4,9
binary_10_9_4.mp4,9
binary_10_9_5.mp4,9
binary_10_9_6.mp4,9
binary_10_9_7.mp4,9
binary_10_9_8.mp4,9
binary_10_9_9.mp4,9
binary_10_9_10.mp4,9
binary_10_10_1.mp4,10
binary_10_10_2.mp4,10
binary_10_10_3.mp4,10
binary_10_10_4.mp4,10
binary_10_10_5.mp4,10
binary_10_10_6.mp4,10
binary_10_10_7.mp4,10
binary_10_10_8.mp4,10
binary_10_10_9.mp4,10
binary_10_10_10.mp4,10
binary_10_11_1.mp4,11
binary_10_11_2.mp4,11
binary_10_11_3.mp4,11
binary_10_11_4.mp4,11
binary_10_11_5.mp4,11
binary_10_11_6.mp4,11
binary_10_11_7.mp4,11
binary_10_11_8.mp4,11
binary_10_11_9.mp4,11
binary_10_11_10.mp4,11
binary_10_12_1.mp4,12
binary_10_12_2.mp4,12
binary_10_12_3.mp4,12
binary_10_12_4.mp4,12
binary_10_12_5.mp4,12
binary_10_12_6.mp4,12
binary_10_12_7.mp4,12
binary_10_12_8.mp4,12
binary_10_12_9.mp4,12
binary_10_12_10.mp4,12
binary_10_B1_1.mp4,B1
binary_10_B1_2.mp4,B1
binary_10_B1_3.mp4,B1
binary_10_B1_4.mp4,B1
binary_10_B1_5.mp4,B1
binary_10_B1_6.mp4,B1
binary_10_B1_7.mp4,B1
binary_10_B1_8.mp4,B1
binary_10_B1_9.mp4,B1
binary_10_B1_10.mp4,B1
binary_10_B2_1.mp4,B2
binary_10_B2_2.mp4,B2
binary_10_B2_3.mp4,B2
binary_10_B2_4.mp4,B2
binary_10_B2_5.mp4,B2
binary_10_B2_6.mp4,B2
binary_10_B2_7.mp4,B2
binary_10_B2_8.mp4,B2
binary_10_B2_9.mp4,B2
binary_10_B2_10.mp4,B2
